Model,Log Params,Best NLL,Time Spent (s),"Train Loss, Accuracy; Test Loss, Accuracy"
CSA 1 Layer,2154,0.13903184054490886,2093.8614373207092,"[0.13903184054490886, 61.11513900756836, 0.14429770938008074, 60.80891799926758]"
CSA 2 Layers,868,0.2686024411861449,2326.3775277137756,"[0.2686024411861449, 58.55970001220703, 0.24722388735527445, 58.738853454589844]"
CSA 1 Layer full,2595,0.17096905747472224,2072.0638654232025,"[0.17096905747472224, 60.58422088623047, 0.1769176200744073, 60.222930908203125]"
CSA 2 Layers full,1309,0.19374082754177452,2310.2942068576813,"[0.19374082754177452, 60.101280212402344, 0.17122832446056566, 60.14012908935547]"
LSA 1 Layer,310278,0.19985846901483245,2004.2707228660583,"[0.19985846901483245, 60.261192321777344, 0.22761255640322994, 59.528663635253906]"
LSA 2 Layers,328261,0.41023973071340053,2190.661530971527,"[0.41023973071340053, 56.81769561767578, 0.4126519698436093, 56.48407745361328]"
CNN Light,9098,2.368533848743982e-06,1900.296672821045,"[2.368533848743982e-06, 63.93177032470703, 0.03346273919527981, 62.891719818115234]"
CNN Torch Example,431080,3.808006543686989e-05,1929.1677017211914,"[3.808006543686989e-05, 63.93177032470703, 0.027176075486153375, 63.070064544677734]"
LeNet,431080,0.0015988905057076693,1936.0284359455109,"[0.0015988905057076693, 63.90938186645508, 0.0248876994651921, 63.14012908935547]"
